cost_per_customer,targeting_depth,n_targeted,point_estimate_value,posterior_prob_value,oracle_value,random_value,improvement,improvement_pct
100.0,0.05,227,2918446.8700000006,2259400.4699999997,3319869.2199999997,268880.2354865104,-659046.4000000008,-22.582093468084103
100.0,0.1,453,3595891.5300000003,3251338.75,4042655.79,536575.9765435647,-344552.78000000026,-9.581845757174563
100.0,0.15,679,4018078.5300000003,3687093.4699999997,4505583.1,804271.7176006191,-330985.0600000005,-8.23739649508339
100.0,0.2,905,4322029.920000001,4027745.78,4831417.1,1071967.4586576736,-294284.14000000106,-6.808933428205719
100.0,0.3,1357,4680513.220000001,4431076.96,5223076.83,1607358.940771782,-249436.2600000007,-5.329250197053121
100.0,0.4,1809,4911110.830000001,4756173.63,5428485.43,2142750.422885891,-154937.20000000112,-3.154830044834674
100.0,0.5,2261,5056818.449999999,4966175.710000001,5524777.41,2678141.905,-90642.73999999836,-1.7924855498812786
300.0,0.05,227,2873046.87,2567496.73,3274469.2199999997,223480.2354865104,-305550.14000000013,-10.635055877104218
300.0,0.1,453,3505291.5300000003,3236838.17,3952055.79,445975.9765435648,-268453.36000000034,-7.658517350193801
300.0,0.15,679,3882278.5300000003,3658078.55,4369783.1,668471.7176006192,-224199.98000000045,-5.774958655528064
300.0,0.2,905,4141029.920000001,3958640.84,4650417.1,890967.4586576737,-182389.080000001,-4.404437628404214
300.0,0.3,1357,4409113.22,4309396.25,4951676.83,1335958.9407717825,-99716.96999999974,-2.2616105557837574
300.0,0.4,1809,4549310.830000001,4476568.54,5066685.43,1780950.4228858913,-72742.29000000097,-1.5989738384173007
300.0,0.5,2261,4604618.449999999,4577541.14,5072577.41,2225941.9050000003,-27077.30999999959,-0.5880467685654543
600.0,0.05,227,2804946.87,2675844.67,3206369.2199999997,155380.2354865104,-129102.20000000019,-4.6026611548600975
600.0,0.1,453,3369391.5300000003,3261063.9,3816155.7899999996,310075.9765435648,-108327.63000000035,-3.2150502259963893
600.0,0.15,679,3678578.5300000003,3561966.0599999996,4166083.0999999996,464771.71760061925,-116612.47000000067,-3.1700416084353367
600.0,0.2,905,3869529.920000001,3825155.69,4378917.1,619467.4586576737,-44374.23000000091,-1.14676022455951
600.0,0.3,1357,4002013.22,3971414.35,4544576.83,928858.9407717825,-30598.87000000011,-0.7645869295752218
600.0,0.4,1809,4006610.8300000005,3976797.26,4523985.429999999,1238250.4228858913,-29813.570000000764,-0.744109454723191
600.0,0.5,2261,3926318.45,3922834.41,4394277.41,1547641.905,-3484.0400000000373,-0.08873554308869547
1200.0,0.05,227,2668746.87,2645749.7300000004,3070169.2199999997,19180.235486510395,-22997.139999999665,-0.861720542270502
1200.0,0.1,453,3097591.5300000003,3056516.64,3544355.7899999996,38275.97654356479,-41074.89000000013,-1.326026675957074
1200.0,0.15,679,3271178.5300000003,3233576.43,3758683.0999999996,57371.7176006192,-37602.10000000009,-1.1494970285216626
1200.0,0.2,905,3326529.920000001,3327492.92,3835917.0999999996,76467.4586576736,962.9999999990687,0.028949085778815994
1200.0,0.3,1357,3187813.22,3197545.18,3730376.83,114658.9407717824,9731.959999999963,0.3052863931594119
1200.0,0.4,1809,2921210.8300000005,2917708.3999999994,3438585.4299999997,152850.4228858912,-3502.430000001099,-0.11989651565135064
1200.0,0.5,2261,2569718.45,2578143.6599999997,3037677.4099999997,191041.905,8425.209999999497,0.3278651013303118
2000.0,0.05,227,2487146.87,2499209.81,2888569.2199999997,-162419.7645134896,12062.939999999944,0.4850111646199283
2000.0,0.1,453,2735191.5300000003,2735696.4800000004,3181955.7899999996,-324124.0234564352,504.95000000018626,0.018461230025818398
2000.0,0.15,679,2727978.5300000003,2740247.02,3215483.0999999996,-485828.28239938075,12268.489999999758,0.4497282462115001
2000.0,0.2,905,2602529.920000001,2610286.72,3111917.0999999996,-647532.5413423263,7756.799999999348,0.2980484466436553
2000.0,0.3,1357,2102213.22,2116193.8,2644776.83,-970941.0592282175,13980.579999999609,0.665041008542081
2000.0,0.4,1809,1474010.8300000008,1471248.52,1991385.4299999997,-1294349.5771141087,-2762.3100000007544,-0.18740092974750253
2000.0,0.5,2261,760918.4500000002,764091.6499999999,1228877.4099999997,-1617758.095,3173.1999999997206,0.4170223497663317
